weight_decay,num_permutations
0.0,682971.3333333334
0.02,764821.3333333334
0.04,765500.3333333334
0.06,770392.0
0.08,773214.3333333334
0.1,779395.6666666666
0.12,779876.0
0.14,779286.6666666666
0.16,781031.6666666666
0.18,780703.0
0.2,783071.0
